dataset,scenario,structure,percentage
linear,Incorrect,x1_to_x2,0.65
linear,Incorrect,x2_to_x1,63.98
linear,Incorrect,independent,35.37
linear,Noninformative,x1_to_x2,32.47
linear,Noninformative,x2_to_x1,20.07
linear,Noninformative,independent,47.46
linear,Correct,x1_to_x2,64.61
linear,Correct,x2_to_x1,0.85
linear,Correct,independent,34.54
nonlinear,Incorrect,x1_to_x2,1.21
nonlinear,Incorrect,x2_to_x1,38.33
nonlinear,Incorrect,independent,60.46
nonlinear,Noninformative,x1_to_x2,28.43
nonlinear,Noninformative,x2_to_x1,16.07
nonlinear,Noninformative,independent,55.5
nonlinear,Correct,x1_to_x2,69.21
nonlinear,Correct,x2_to_x1,0.7
nonlinear,Correct,independent,30.09
